{
  "config": {
    "model": "SiT-XL/2",
    "attn_type": "full",
    "grid_size": 16,
    "tokens": 256,
    "latent_channels": 4,
    "n_samples": 16
  },
  "erf": {
    "mean": 7.833814547530243,
    "per_t": {
      "0.0": 8.08886790458512,
      "0.1": 7.832149258881275,
      "0.25": 7.737689447522696,
      "0.5": 7.881032203390662,
      "0.75": 7.896719970873424,
      "0.9": 7.83670230748664,
      "1.0": 7.499094100802073
    },
    "per_layer": {
      "0": {
        "mean": 8.594505535438657,
        "std": 1.3892009221656902,
        "median": 8.662288665771484
      },
      "1": {
        "mean": 8.98183748871088,
        "std": 1.432735229163443,
        "median": 9.07388162612915
      },
      "2": {
        "mean": 9.241488259285688,
        "std": 1.4359842501953919,
        "median": 9.251006126403809
      },
      "3": {
        "mean": 9.157760189846158,
        "std": 1.4229246794491839,
        "median": 9.191162109375
      },
      "4": {
        "mean": 8.979585994035006,
        "std": 1.3775104785943921,
        "median": 9.019798755645752
      },
      "5": {
        "mean": 9.047326793894172,
        "std": 1.4350101138453262,
        "median": 9.160484313964844
      },
      "6": {
        "mean": 8.214611195027828,
        "std": 1.4057106972144604,
        "median": 8.183095932006836
      },
      "7": {
        "mean": 8.926298394799232,
        "std": 1.3994857202319309,
        "median": 8.994544982910156
      },
      "8": {
        "mean": 8.33149703964591,
        "std": 1.3826506404863914,
        "median": 8.275867462158203
      },
      "9": {
        "mean": 8.819894364103675,
        "std": 1.45944437253332,
        "median": 8.83644437789917
      },
      "10": {
        "mean": 8.762996604666114,
        "std": 1.436683516751057,
        "median": 8.834441661834717
      },
      "11": {
        "mean": 7.96881926804781,
        "std": 1.3160615848096546,
        "median": 7.925328016281128
      },
      "12": {
        "mean": 9.003173489123583,
        "std": 1.5022640239300273,
        "median": 9.054793357849121
      },
      "13": {
        "mean": 6.648749969899654,
        "std": 1.3352177038924302,
        "median": 6.4886314868927
      },
      "14": {
        "mean": 7.396238209679723,
        "std": 1.3896566775216916,
        "median": 7.2432379722595215
      },
      "15": {
        "mean": 8.026748256757855,
        "std": 1.4147837468945053,
        "median": 7.983798027038574
      },
      "16": {
        "mean": 6.394661212339997,
        "std": 1.3216477048073647,
        "median": 6.172546863555908
      },
      "17": {
        "mean": 6.402505503967404,
        "std": 1.213992564706793,
        "median": 6.1873064041137695
      },
      "18": {
        "mean": 7.628723289817572,
        "std": 1.2902434149479638,
        "median": 7.532070159912109
      },
      "19": {
        "mean": 7.401620656251907,
        "std": 1.1730125554558832,
        "median": 7.334975004196167
      },
      "20": {
        "mean": 6.955142235383391,
        "std": 1.2474947756032178,
        "median": 6.808717966079712
      },
      "21": {
        "mean": 6.932940639555454,
        "std": 1.296076137046367,
        "median": 6.797600746154785
      },
      "22": {
        "mean": 6.447923431172967,
        "std": 1.2115078882510437,
        "median": 6.266502857208252
      },
      "23": {
        "mean": 7.573010941967368,
        "std": 1.4061157644662157,
        "median": 7.435314178466797
      },
      "24": {
        "mean": 6.870899384841323,
        "std": 1.3149509991700008,
        "median": 6.708402633666992
      },
      "25": {
        "mean": 7.102431386709213,
        "std": 1.2415218551781766,
        "median": 6.956176280975342
      },
      "26": {
        "mean": 6.568075014278293,
        "std": 1.2835979794627048,
        "median": 6.361096620559692
      },
      "27": {
        "mean": 6.967342581599951,
        "std": 1.2281663127369058,
        "median": 6.881658554077148
      }
    },
    "erf_range": 0.5897738037830473,
    "erf_ratio": 1.0786460065516403
  },
  "distance": {
    "mean": 6.429548823629128,
    "p50": 5.39243469858421,
    "p95": 13.653424409136338,
    "p99": 16.004854216729097,
    "cumulative": [
      0.019108298125276695,
      0.15997928641008538,
      0.24157805377357713,
      0.31581217042968424,
      0.38548254024906753,
      0.4734606330491345,
      0.5410880959678438,
      0.6140851314392309,
      0.6839532423056609,
      0.74223292046329,
      0.8000672056376101,
      0.845976999224161,
      0.8914088543740876,
      0.9316873885089239,
      0.9597129790757603,
      0.9817269552327862,
      0.9899723624479934,
      0.995665866674699,
      0.9979855345419089,
      0.9995937390028753,
      0.9998730603316416,
      1.0000000067092583,
      1.0000000067092583
    ],
    "per_t": {
      "0.0": {
        "mean": 7.03157377243042,
        "p99": 17.20465087890625
      },
      "0.1": {
        "mean": 6.7213616371154785,
        "p99": 17.029386520385742
      },
      "0.25": {
        "mean": 6.595554351806641,
        "p99": 16.970561981201172
      },
      "0.5": {
        "mean": 6.7535295486450195,
        "p99": 16.970561981201172
      },
      "0.75": {
        "mean": 6.7539472579956055,
        "p99": 16.970561981201172
      },
      "0.9": {
        "mean": 6.663547913047547,
        "p99": 16.6433162689209
      },
      "1.0": {
        "mean": 6.328551292419434,
        "p99": 16.552946090698242
      }
    },
    "per_layer": {
      "0": {
        "mean_dist": 7.6398965901867095,
        "p99": NaN
      },
      "1": {
        "mean_dist": 8.118502573862019,
        "p99": NaN
      },
      "2": {
        "mean_dist": 8.455798992888626,
        "p99": NaN
      },
      "3": {
        "mean_dist": 8.376570903933496,
        "p99": NaN
      },
      "4": {
        "mean_dist": 8.117022186972045,
        "p99": NaN
      },
      "5": {
        "mean_dist": 8.268059625334814,
        "p99": NaN
      },
      "6": {
        "mean_dist": 7.033968208739852,
        "p99": NaN
      },
      "7": {
        "mean_dist": 8.1108621437883,
        "p99": NaN
      },
      "8": {
        "mean_dist": 7.279960204436108,
        "p99": NaN
      },
      "9": {
        "mean_dist": 7.9548549108678985,
        "p99": NaN
      },
      "10": {
        "mean_dist": 7.8996482611007455,
        "p99": NaN
      },
      "11": {
        "mean_dist": 6.808504578432488,
        "p99": NaN
      },
      "12": {
        "mean_dist": 8.15172376719006,
        "p99": NaN
      },
      "13": {
        "mean_dist": 5.021277196290421,
        "p99": NaN
      },
      "14": {
        "mean_dist": 6.141833823593832,
        "p99": NaN
      },
      "15": {
        "mean_dist": 6.996640049084064,
        "p99": NaN
      },
      "16": {
        "mean_dist": 4.8801452783352515,
        "p99": NaN
      },
      "17": {
        "mean_dist": 5.000911136389051,
        "p99": NaN
      },
      "18": {
        "mean_dist": 6.465498304162421,
        "p99": NaN
      },
      "19": {
        "mean_dist": 6.270381972325446,
        "p99": NaN
      },
      "20": {
        "mean_dist": 5.716412324426764,
        "p99": NaN
      },
      "21": {
        "mean_dist": 5.5274948002106745,
        "p99": NaN
      },
      "22": {
        "mean_dist": 5.015593664696351,
        "p99": NaN
      },
      "23": {
        "mean_dist": 6.403969954957466,
        "p99": NaN
      },
      "24": {
        "mean_dist": 5.4066323018643985,
        "p99": NaN
      },
      "25": {
        "mean_dist": 5.780772001566777,
        "p99": NaN
      },
      "26": {
        "mean_dist": 5.111543827586777,
        "p99": NaN
      },
      "27": {
        "mean_dist": 5.4377793540908,
        "p99": NaN
      }
    }
  }
}