{
  "config": {
    "model": "SiT-XL/2",
    "attn_type": "na",
    "kernel_size": 5,
    "step": 2000
  },
  "erf": {
    "mean": 1.9458509840437077,
    "per_t": {
      "0.0": 1.9460103023531181,
      "0.1": 1.9460138090487038,
      "0.25": 1.9460189481365628,
      "0.5": 1.9459456508546802,
      "0.75": 1.9459095727319695,
      "0.9": 1.9456363007193431,
      "1.0": 1.9454106990015134
    }
  },
  "distance": {
    "mean": 1.5567330784740978,
    "p99": 1.9835159913347493,
    "p95": 1.9175800594733434,
    "p50": 1.1758008260325274
  }
}