{
  "config": {
    "model": "SiT-XL/2",
    "attn_type": "na",
    "kernel_size": 3,
    "step": 2000
  },
  "erf": {
    "mean": 1.1355943795809122,
    "per_t": {
      "0.0": 1.1359147944770354,
      "0.1": 1.1359091110976547,
      "0.25": 1.1358706326739463,
      "0.5": 1.1357450615947269,
      "0.75": 1.1355617751084668,
      "0.9": 1.1353049252564753,
      "1.0": 1.1348399225223278
    }
  },
  "distance": {
    "mean": 0.8739403084688175,
    "p99": 0.9885575537940489,
    "p95": 0.9427878379968857,
    "p50": 0.4278785352788007
  }
}