{
  "config": {
    "model": "SiT-XL/2",
    "attn_type": "na",
    "kernel_size": 15,
    "grid_size": 16,
    "step": 2000
  },
  "erf": {
    "mean": 5.6090164908341,
    "per_t": {
      "0.0": 5.609051789356662,
      "0.1": 5.609134332542973,
      "0.25": 5.6092442399822176,
      "0.5": 5.609238761676742,
      "0.75": 5.60936736801107,
      "0.9": 5.608919529177781,
      "1.0": 5.608150031750223
    },
    "per_layer": {
      "0": {
        "mean": 5.608989482745528,
        "std": 0.19708157583876168,
        "median": 5.612150430679321
      },
      "1": {
        "mean": 5.608742697164416,
        "std": 0.19715021936221783,
        "median": 5.611254453659058
      },
      "2": {
        "mean": 5.608778651803732,
        "std": 0.19713496518377077,
        "median": 5.611966609954834
      },
      "3": {
        "mean": 5.609057562425733,
        "std": 0.19703157996136814,
        "median": 5.612044334411621
      },
      "4": {
        "mean": 5.608912060037255,
        "std": 0.1971896322940918,
        "median": 5.612199783325195
      },
      "5": {
        "mean": 5.608803195878863,
        "std": 0.197227896743145,
        "median": 5.611499786376953
      },
      "6": {
        "mean": 5.608725305646658,
        "std": 0.1971735895592941,
        "median": 5.611455678939819
      },
      "7": {
        "mean": 5.608881903812289,
        "std": 0.19720755343190344,
        "median": 5.612030506134033
      },
      "8": {
        "mean": 5.608897063881159,
        "std": 0.19718871079843597,
        "median": 5.612143039703369
      },
      "9": {
        "mean": 5.608974050730467,
        "std": 0.19712927290507248,
        "median": 5.6122026443481445
      },
      "10": {
        "mean": 5.608864279463887,
        "std": 0.19712915267342504,
        "median": 5.611938953399658
      },
      "11": {
        "mean": 5.608830092474818,
        "std": 0.19726254644360547,
        "median": 5.6115875244140625
      },
      "12": {
        "mean": 5.608779875561595,
        "std": 0.19710358704138944,
        "median": 5.61170220375061
      },
      "13": {
        "mean": 5.608079442754388,
        "std": 0.1967803671844939,
        "median": 5.608776330947876
      },
      "14": {
        "mean": 5.608998257666826,
        "std": 0.19690538735894228,
        "median": 5.611530303955078
      },
      "15": {
        "mean": 5.609036237001419,
        "std": 0.19698629446037186,
        "median": 5.61196494102478
      },
      "16": {
        "mean": 5.608818922191858,
        "std": 0.19724888380713626,
        "median": 5.611526966094971
      },
      "17": {
        "mean": 5.609029101207852,
        "std": 0.19703065593683175,
        "median": 5.611717462539673
      },
      "18": {
        "mean": 5.609150221571326,
        "std": 0.1970073905989327,
        "median": 5.6120994091033936
      },
      "19": {
        "mean": 5.609316909685731,
        "std": 0.19638902243572964,
        "median": 5.610341310501099
      },
      "20": {
        "mean": 5.6094301249831915,
        "std": 0.19641600968849085,
        "median": 5.610743761062622
      },
      "21": {
        "mean": 5.609232502058148,
        "std": 0.1964473285505327,
        "median": 5.610057592391968
      },
      "22": {
        "mean": 5.608689099550247,
        "std": 0.1969689798931598,
        "median": 5.611218452453613
      },
      "23": {
        "mean": 5.608536444604397,
        "std": 0.19728027652596208,
        "median": 5.611294984817505
      },
      "24": {
        "mean": 5.608225092291832,
        "std": 0.19723029253720203,
        "median": 5.610586881637573
      },
      "25": {
        "mean": 5.608801579102874,
        "std": 0.1958706406535808,
        "median": 5.609050035476685
      },
      "26": {
        "mean": 5.610806170850992,
        "std": 0.19376051760249535,
        "median": 5.606762170791626
      },
      "27": {
        "mean": 5.6110754162073135,
        "std": 0.19355908546813283,
        "median": 5.60881781578064
      }
    }
  },
  "distance": {
    "mean": 4.878874898074574,
    "p99": 8.679178882524353,
    "p95": 7.687554695476456,
    "p50": 4.529501484704354,
    "cumulative": [
      0.008260326802573529,
      0.0657583171047762,
      0.166652431742154,
      0.2803942997952944,
      0.40428084980102263,
      0.5850530434000778,
      0.7333323952512567,
      0.9085635439370188,
      0.968829948137371,
      1.0000000060051244,
      1.0000000060051244,
      1.0000000060051244,
      1.0000000060051244,
      1.0000000060051244,
      1.0000000060051244,
      1.0000000060051244,
      1.0000000060051244,
      1.0000000060051244,
      1.0000000060051244,
      1.0000000060051244,
      1.0000000060051244,
      1.0000000060051244,
      1.0000000060051244
    ],
    "per_t": {
      "0.0": {
        "mean": 5.175200462341309,
        "p99": 9.219544410705566
      },
      "0.1": {
        "mean": 5.175294876098633,
        "p99": 9.219544410705566
      },
      "0.25": {
        "mean": 5.17540168762207,
        "p99": 9.219544410705566
      },
      "0.5": {
        "mean": 5.175398349761963,
        "p99": 9.219544410705566
      },
      "0.75": {
        "mean": 5.175505638122559,
        "p99": 9.219544410705566
      },
      "0.9": {
        "mean": 5.1749677658081055,
        "p99": 9.219544410705566
      },
      "1.0": {
        "mean": 5.173998832702637,
        "p99": 9.219544410705566
      }
    }
  }
}