{
  "config": {
    "model": "SiT-XL/2",
    "attn_type": "na",
    "kernel_size": 7,
    "grid_size": 16
  },
  "erf": {
    "mean": 2.7212952132602886,
    "per_t": {
      "0.0": 2.721357396770535,
      "0.1": 2.7213940019719303,
      "0.25": 2.7214205393767252,
      "0.5": 2.7214668543477143,
      "0.75": 2.721514107659459,
      "0.9": 2.72116258387853,
      "1.0": 2.720740632519924
    },
    "per_layer": {
      "0": {
        "mean": 2.721470156684518,
        "std": 0.10435223461488906,
        "median": 2.738649368286133
      },
      "1": {
        "mean": 2.721070502884686,
        "std": 0.10461296629897344,
        "median": 2.737660527229309
      },
      "2": {
        "mean": 2.7213222747668624,
        "std": 0.10444912358705921,
        "median": 2.738329291343689
      },
      "3": {
        "mean": 2.721355468966067,
        "std": 0.10448136107614842,
        "median": 2.7384915351867676
      },
      "4": {
        "mean": 2.7212961446493864,
        "std": 0.1044556752319576,
        "median": 2.7381486892700195
      },
      "5": {
        "mean": 2.7212897082790732,
        "std": 0.10450689979056621,
        "median": 2.7382185459136963
      },
      "6": {
        "mean": 2.721171204932034,
        "std": 0.10454101570670263,
        "median": 2.738189458847046
      },
      "7": {
        "mean": 2.721245019696653,
        "std": 0.1045250829919123,
        "median": 2.738391637802124
      },
      "8": {
        "mean": 2.7212500609457493,
        "std": 0.10450658724755958,
        "median": 2.738267421722412
      },
      "9": {
        "mean": 2.721333290450275,
        "std": 0.10443451928807548,
        "median": 2.738454818725586
      },
      "10": {
        "mean": 2.721217393875122,
        "std": 0.10450800532951232,
        "median": 2.7381211519241333
      },
      "11": {
        "mean": 2.721115071326494,
        "std": 0.10457323042065648,
        "median": 2.73786461353302
      },
      "12": {
        "mean": 2.7210480766370893,
        "std": 0.10450350953498164,
        "median": 2.7376548051834106
      },
      "13": {
        "mean": 2.720063188113272,
        "std": 0.1046771645586619,
        "median": 2.7359029054641724
      },
      "14": {
        "mean": 2.7211584830656648,
        "std": 0.10439505233270985,
        "median": 2.7379395961761475
      },
      "15": {
        "mean": 2.721323933452368,
        "std": 0.10438351118379635,
        "median": 2.738455891609192
      },
      "16": {
        "mean": 2.7212514663115144,
        "std": 0.1044677877486585,
        "median": 2.7381995916366577
      },
      "17": {
        "mean": 2.7212538942694664,
        "std": 0.10454600785165158,
        "median": 2.7383161783218384
      },
      "18": {
        "mean": 2.7213860154151917,
        "std": 0.1043149269315205,
        "median": 2.738598585128784
      },
      "19": {
        "mean": 2.721442340873182,
        "std": 0.10411650251886871,
        "median": 2.7386878728866577
      },
      "20": {
        "mean": 2.7215079879388213,
        "std": 0.10400592444099474,
        "median": 2.7388014793395996
      },
      "21": {
        "mean": 2.721390103921294,
        "std": 0.10397093019267858,
        "median": 2.7384387254714966
      },
      "22": {
        "mean": 2.72109327185899,
        "std": 0.10437147643058745,
        "median": 2.7375423908233643
      },
      "23": {
        "mean": 2.7212522523477674,
        "std": 0.104238320415411,
        "median": 2.738239884376526
      },
      "24": {
        "mean": 2.7212861785665154,
        "std": 0.10406750700493243,
        "median": 2.7377946376800537
      },
      "25": {
        "mean": 2.721647370606661,
        "std": 0.10298116116862839,
        "median": 2.739891767501831
      },
      "26": {
        "mean": 2.7224826272577047,
        "std": 0.10115793082531828,
        "median": 2.7436529397964478
      },
      "27": {
        "mean": 2.7215424831956625,
        "std": 0.10193642015472992,
        "median": 2.740825653076172
      }
    },
    "erf_range": 0.0007734751395349626
  },
  "distance": {
    "mean": 2.2645254077208334,
    "p99": 3.8470147294980723,
    "p95": 3.235074623413738,
    "p50": 1.8386559042149846,
    "cumulative": [
      0.027812219456711744,
      0.21896077496386204,
      0.5540674799153318,
      0.9346341417353454,
      1.0000000059480212,
      1.0000000059480212,
      1.0000000059480212,
      1.0000000059480212,
      1.0000000059480212,
      1.0000000059480212,
      1.0000000059480212,
      1.0000000059480212,
      1.0000000059480212,
      1.0000000059480212,
      1.0000000059480212,
      1.0000000059480212,
      1.0000000059480212,
      1.0000000059480212,
      1.0000000059480212,
      1.0000000059480212,
      1.0000000059480212,
      1.0000000059480212,
      1.0000000059480212
    ],
    "per_t": {
      "0.0": {
        "mean": 2.531558036804199,
        "p99": 4.242640495300293
      },
      "0.1": {
        "mean": 2.531583309173584,
        "p99": 4.242640495300293
      },
      "0.25": {
        "mean": 2.5315933227539062,
        "p99": 4.242640495300293
      },
      "0.5": {
        "mean": 2.5315728187561035,
        "p99": 4.242640495300293
      },
      "0.75": {
        "mean": 2.5315423011779785,
        "p99": 4.242640495300293
      },
      "0.9": {
        "mean": 2.5310606956481934,
        "p99": 4.242640495300293
      },
      "1.0": {
        "mean": 2.5304744243621826,
        "p99": 4.242640495300293
      }
    }
  }
}