{
  "config": {
    "model": "SiT-XL/2",
    "attn_type": "na",
    "kernel_size": 11,
    "grid_size": 16,
    "step": 2000
  },
  "erf": {
    "mean": 4.204908582016027,
    "per_t": {
      "0.0": 4.204736267948257,
      "0.1": 4.20490537148102,
      "0.25": 4.2049911401035,
      "0.5": 4.20517672378836,
      "0.75": 4.2052232636737505,
      "0.9": 4.204991388101397,
      "1.0": 4.204327786008695
    },
    "per_layer": {
      "0": {
        "mean": 4.204926774837077,
        "std": 0.1695483623250605,
        "median": 4.203210353851318
      },
      "1": {
        "mean": 4.204525814391673,
        "std": 0.17028443411674038,
        "median": 4.20292329788208
      },
      "2": {
        "mean": 4.204715513624251,
        "std": 0.16965298488950417,
        "median": 4.202976703643799
      },
      "3": {
        "mean": 4.204719055444002,
        "std": 0.1699596794289141,
        "median": 4.203057527542114
      },
      "4": {
        "mean": 4.2048138147220016,
        "std": 0.16969433709124598,
        "median": 4.2030534744262695
      },
      "5": {
        "mean": 4.204595657065511,
        "std": 0.16999275253526983,
        "median": 4.203026294708252
      },
      "6": {
        "mean": 4.204608076252043,
        "std": 0.16994190660425934,
        "median": 4.20293664932251
      },
      "7": {
        "mean": 4.2046704683452845,
        "std": 0.16985920869765314,
        "median": 4.203125238418579
      },
      "8": {
        "mean": 4.204687145538628,
        "std": 0.16988878732897303,
        "median": 4.203174114227295
      },
      "9": {
        "mean": 4.2046751556918025,
        "std": 0.16987861822157674,
        "median": 4.203123569488525
      },
      "10": {
        "mean": 4.204655835404992,
        "std": 0.16991849792399077,
        "median": 4.203079462051392
      },
      "11": {
        "mean": 4.204684249125421,
        "std": 0.16992619773480439,
        "median": 4.20310640335083
      },
      "12": {
        "mean": 4.204466852359474,
        "std": 0.17008112085173957,
        "median": 4.202901124954224
      },
      "13": {
        "mean": 4.20414416026324,
        "std": 0.17023130927643404,
        "median": 4.202436447143555
      },
      "14": {
        "mean": 4.204685254022479,
        "std": 0.16980590012452818,
        "median": 4.2030956745147705
      },
      "15": {
        "mean": 4.204758416861296,
        "std": 0.16964926453530943,
        "median": 4.203017234802246
      },
      "16": {
        "mean": 4.204882744699717,
        "std": 0.16947477988279905,
        "median": 4.202936410903931
      },
      "17": {
        "mean": 4.204732744954526,
        "std": 0.1696233942237298,
        "median": 4.203000545501709
      },
      "18": {
        "mean": 4.2049401784315705,
        "std": 0.16949928121796967,
        "median": 4.203073740005493
      },
      "19": {
        "mean": 4.205322679132223,
        "std": 0.16866729541723952,
        "median": 4.203137397766113
      },
      "20": {
        "mean": 4.205342951230705,
        "std": 0.16830717867845862,
        "median": 4.2029900550842285
      },
      "21": {
        "mean": 4.205363473854959,
        "std": 0.168038446549383,
        "median": 4.20308780670166
      },
      "22": {
        "mean": 4.20455246604979,
        "std": 0.16982652192604464,
        "median": 4.203055143356323
      },
      "23": {
        "mean": 4.205021469853818,
        "std": 0.16938208114897343,
        "median": 4.203076362609863
      },
      "24": {
        "mean": 4.204745479859412,
        "std": 0.16958935497428831,
        "median": 4.202530384063721
      },
      "25": {
        "mean": 4.206011550500989,
        "std": 0.1671237538442672,
        "median": 4.201725006103516
      },
      "26": {
        "mean": 4.20603100117296,
        "std": 0.1670502581215923,
        "median": 4.201174974441528
      },
      "27": {
        "mean": 4.206161312758923,
        "std": 0.1667240589415786,
        "median": 4.20259165763855
      }
    }
  },
  "distance": {
    "mean": 3.623191654974373,
    "p99": 6.549024114995722,
    "p95": 5.421182106537916,
    "p50": 3.2797662563119165,
    "cumulative": [
      0.013229511033302358,
      0.10469647761005457,
      0.2646341053248872,
      0.4449507701269264,
      0.6417194147844709,
      0.9297522628691927,
      0.9778258457794948,
      1.0000000060718144,
      1.0000000060718144,
      1.0000000060718144,
      1.0000000060718144,
      1.0000000060718144,
      1.0000000060718144,
      1.0000000060718144,
      1.0000000060718144,
      1.0000000060718144,
      1.0000000060718144,
      1.0000000060718144,
      1.0000000060718144,
      1.0000000060718144,
      1.0000000060718144,
      1.0000000060718144,
      1.0000000060718144
    ],
    "per_t": {
      "0.0": {
        "mean": 3.896883964538574,
        "p99": 7.071067810058594
      },
      "0.1": {
        "mean": 3.897056818008423,
        "p99": 7.071067810058594
      },
      "0.25": {
        "mean": 3.8971328735351562,
        "p99": 7.071067810058594
      },
      "0.5": {
        "mean": 3.897311210632324,
        "p99": 7.071067810058594
      },
      "0.75": {
        "mean": 3.897327423095703,
        "p99": 7.071067810058594
      },
      "0.9": {
        "mean": 3.8970108032226562,
        "p99": 7.071067810058594
      },
      "1.0": {
        "mean": 3.8961827754974365,
        "p99": 7.071067810058594
      }
    }
  }
}